id,name,category,category_group,chains,chain_tags,url,frontend_repo,repo_state,repo_status,repo_last_commit,level,geo_site,geo_site_countries,geo_site_close_only,geo_site_method,geo_feature,geo_feature_countries,geo_feature_scope,vpn,vpn_note,screening,screening_provider,screening_layer,screening_fail,screening_fail_note,asset_filter,tos_url,tos_updated,tos_us,tos_us_scope,tos_restricted,tos_restricted_codes,fork_ready,fork_notes,alternatives,live,evidence,confidence
uniswap,Uniswap,DEX,dex,"EVM, Solana",evm solana,https://app.uniswap.org,https://github.com/Uniswap/interface/tree/main/apps/web,open,"open (release mirror, dev in private repo)",2026-10-05,C,reported,UA,,Code has no site-level geo-block. 2025 reports said the whole of Ukraine was blocked through 'third-party providers',yes,,"RWA tokens, LP, migration, Toucan auctions: region gate GatedFeature.ISSUER_SPECIFIC_RWA plus per-token restriction reasons from compliance v2 (server decides by IP)",no,,yes,own compliance v2 API (entry-gateway.backend-prod.api.uniswap.org); TRM Labs historically (2022),own-api,open,an unauthenticated session also counts as not-blocked,featureGatedTokens token deny-list,https://uniswap.org/terms-of-service,2024-03-21,no,,generic: comprehensive/regional US sanctions,,yes,"Screening and RWA gate are calls to their entry gateway. Remove them in a fork. Routing (Trading API) goes through the same gateway with an API key, which is a dependency.",,,packages/compliance/src/client.ts | packages/compliance/src/screenAddressQuery.ts | apps/web/src/hooks/useAccountRiskCheck.ts | packages/uniswap/src/features/transactions/swap/hooks/useGeoRestrictionMode.ts | packages/api/src/clients/base/entryGatewayUrls.ts | https://support.uniswap.org/hc/en-us/articles/8671777747597-Address-Screening-Guide | https://blockworks.com/news/uniswap-labs-blocked-ukraine,high
sushiswap,SushiSwap,DEX,dex,EVM (+ perps via Hyperliquid),evm hyperliquid,https://www.sushi.com,https://github.com/sushi-labs/sushiswap/tree/master/apps/web,open,open,2026-10-03,C,no,,,,yes,US CA GB CH CU BY IR KP RU SY UA SS SD MM VE,"Robinhood stock tokens: US, CA, GB, CH, CU, BY, IR, KP, RU, SY, UA, SS, SD, MM, VE (via /api/geolocation). Perps: Hyperliquid legalCheck (ipAllowed)",tos_only,,yes,TRM Labs public API api.trmlabs.com/public/v1/sanctions/screening; a sanctioned wallet gets disconnected,frontend,open,,token security / list moderation,https://www.sushi.com/legal/terms-of-service,unknown,no,,"24 named: DZ, BO, BY, Crimea, CU, DPR/LPR, CD, IR, IQ, CI, LR, LY, ML, MM, NP, KP, SO, SD, SY, TN, VE, YE, ZW + sanctioned",DZ BO BY UA-Crimea CU UA-DPR UA-LPR CD IR IQ CI LR LY ML MM NP KP SO SD SY TN VE YE ZW,yes,Everything is client-side. Removed in a fork with no backend dependencies. Perps depend on the Hyperliquid API (IP check on their side).,,,apps/web/src/lib/wagmi/components/sanctioned-address-dialog.tsx | apps/web/src/lib/robinhood/restricted-countries.ts | apps/web/src/lib/wagmi/systems/checker/stock-token-region.tsx | apps/web/src/lib/perps/info/use-legal-check.ts,high
pancakeswap,PancakeSwap,DEX,dex,"BNB, EVM, Solana",evm solana,https://pancakeswap.finance,,private_now,"private-now (pancakeswap/pancake-frontend was public, docs still link to it; now 404/auth)",,B,reported,BY CU CD IR IQ KP SD SY ZW UA-Crimea,,IP block announced 2022-03,unknown,,,unknown,,unknown,,,,,,https://pancakeswap.finance/terms-of-service,unknown,unknown,,unknown (ToS rendered client-side),,no_code,Fork of the last public version of pancake-frontend (an old tag/mirror) is the only route. Needs a browser crawl.,,WebFetch (US): normal page,https://forklog.com/en/pancakeswap-to-block-users-from-ten-jurisdictions/amp | https://docs.pancakeswap.finance/protocol/developers/contributing/codebase-overview,low
curve,Curve,DEX,dex,EVM,evm,https://www.curve.finance,https://github.com/curvefi/curve-frontend,open,open,2026-10-08,A,tos_only,,,ToS reserves technical geo-restriction; none in code,no,,,no,,no,,,,,"pool/token blacklist (local + prices.curve.finance), deprecation",https://www.curve.finance/dex/ethereum/legal/?tab=terms,2026-06-17,no,,"SECO list, 22: BY, BI, CF, CG, KP, GN, GW, IR, IQ, LB, LY, ML, MM, SS, RU, SO, SD, SY, UA, VE, YE, ZW",BY BI CF CG KP GN GW IR IQ LB LY ML MM SS RU SO SD SY UA VE YE ZW,yes,Clean; only the content blacklist. Note: the ToS lists Ukraine in full.,,WebFetch (US): normal page,packages/evm-ui/src/widgets/Legal/components/tabs/Terms.tsx | BLACKLISTS-DEPRECATIONS.md,high
balancer,Balancer,DEX,dex,EVM,evm,https://balancer.fi,https://github.com/balancer/frontend-monorepo/tree/main/apps/frontend-v3,open,open,2026-10-08,C,no,,,,no,,,no,,yes,"Hypernative screener (api.hypernative.xyz/screener/reputation, policy OFAC + 3 hops) via /api/wallet-check -> BlockedAddressModal",own-api,unknown,,,https://balancer.fi/terms-of-use,2025-11,no,,generic,,yes,Screening runs in a Next API route with secret keys. Without them a fork simply doesn't screen.,,WebFetch (US): normal page,packages/lib/shared/services/hypernative/checkAddressReputation.ts | packages/lib/modules/web3/UserAccountProvider.tsx | packages/lib/modules/web3/BlockedAddressModal.tsx,high
cowswap,CoW Swap,DEX / intents,dex,EVM,evm,https://swap.cow.fi,https://github.com/cowprotocol/cowswap/tree/develop/apps/cowswap-frontend,open,open,2026-10-07,D,no,,,,yes,US CA CN RU AT BE BG HR CY CZ DK EE FI FR DE GR HU IE IT LV LT LU MT NL PL PT RO SK SI ES SE,"RWA/tokenized-stock token lists hidden by IP (api.country.is), 50 countries incl. US, CA, CN, RU, all of the EU (list here is partial; full list in code); flag isRwaGeoblockEnabled",no,,yes,orderbook backend: hardcoded list + Chainalysis oracle + Hermod (zeroShadow),protocol-api,unknown,,RWA lists,https://cow.fi/legal/cowswap-terms,2025-07,no,,generic UN/EU/US/UK,,partial,"The frontend geo filter is trivial to remove, but banned users are rejected by the CoW orderbook API itself. A fork does not bypass that.",,,apps/cowswap-frontend/src/modules/rwa/state/geoDataAtom.ts | libs/core/src/cms/consts.ts | libs/tokens/src/updaters/RestrictedTokensListUpdater/index.tsx | https://github.com/cowprotocol/services/blob/main/crates/order-validation/src/banned/mod.rs,high
1inch,1inch,DEX aggregator,aggregator,"EVM, Solana",evm solana,https://1inch.com (app.1inch.io -> 302),,closed,closed,,C,reported,,,"2022: US geo-block, since lifted (FAQ now says the US is available)",tos_only,AE,UAE: some features,tos_only,,yes,"TRM Labs (help center); ToS also names BlockAid, Web3 Antivirus, MetaMask, Innerworks",own-api,unknown,,,https://1inch.com/assets/1inch_com_terms_of_use.pdf,2026-09-14,no,,generic 'Prohibited Localities',,no_code,"Closed. The alternative is our own UI on top of the 1inch API (needs a key, ToS screening on their side).",,"WebFetch (US): 302 -> 1inch.com, normal page",https://help.1inch.com/en/articles/6588963-1inch-address-screening | https://configs.1inch.io/frontend/legal/1inch_com_terms_of_use.pdf,high
kyberswap,KyberSwap,DEX aggregator,aggregator,EVM,evm,https://kyberswap.com,https://github.com/KyberNetwork/kyberswap-interface/tree/main/apps/kyberswap-interface,open,open,2026-10-08,C,no,,,,yes,,"per-country token restriction, country taken from the browser timezone (the code calls it a 'UX deterrent')",tos_only,,yes,own Blackjack service (blackjack.kyberswap.com/api/v1/check) before each signature,own-api,open,,,https://kyberswap.com/files/KyberSwap%20-%20Terms%20of%20Use%20-%2001%20September%202026.pdf,2026-09-01,no,,"IR, KP, MM, CU, VE, BY, RU, VN, VG, Crimea/Sevastopol, uncontrolled DPR/LPR/Kherson/Zaporizhzhia, FATF high-risk",IR KP MM CU VE BY RU VN VG UA-Crimea UA-DPR UA-LPR UA-Kherson UA-Zaporizhzhia,yes,Blackjack is called from the frontend. Removed in a fork. Aggregator API is a separate dependency.,,"Blackjack: sanctioned -> blacklisted:true (reason 2, since 2023-12); control -> blacklisted:false",apps/kyberswap-interface/src/services/blackjack.ts | apps/kyberswap-interface/src/utils/sendTransaction.ts | apps/kyberswap-interface/src/hooks/useRestrictedTokens.ts,high
quickswap,QuickSwap,DEX,dex,"Polygon, EVM",evm,https://dapp.quickswap.exchange,https://github.com/QuickSwap/interface-v2,open_stale,open-stale (prod build hash 22dcd56 not in repo),2025-04-03,A,unknown,,,none in the public code; production diverges,unknown,,,tos_only,,no,,,,,TOKEN_BLACKLIST / PAIR_BLACKLIST,https://dapp.quickswap.exchange/tos,unknown,yes,,"US, UK, TW + ~25 (DZ, BD, BO, BY, BI, MM, CI, Crimea, CU, CD, EC, IR, IQ, LY, ML, MA, LR, NP, KP, SO, SD, SY, VE, ZW, AG)",US GB TW DZ BD BO BY BI MM CI UA-Crimea CU CD EC IR IQ LY ML MA LR NP KP SO SD SY VE ZW AG,stale,Public code is clean but stale.,,WebFetch (US): normal page,src/constants/index.ts | public/locales/en.json,medium
aerodrome,Aerodrome,DEX,dex,Base,evm,https://aerodrome.finance,,closed,closed (only aerodrome-finance/docs),,B,tos_only,,,ToS 2026-07 forbids evading 'geofencing',yes,US,tokenized stocks (2026-08) only for non-US users,tos_only,,unknown,,,,,,https://github.com/aerodrome-finance/docs/blob/main/content/legal.mdx,2026-07-28,partial,securities,"35: AF, BY, BA, BI, CF, CN, CD, CU, ET, GN, GW, HT, IR, IQ, KP, LB, LY, ML, MD, ME, MM, NI, NE, RU, RS, SO, SS, SD, SY, TN, TR, UA, VE, YE, ZW",AF BY BA BI CF CN CD CU ET GN GW HT IR IQ KP LB LY ML MD ME MM NI NE RU RS SO SS SD SY TN TR UA VE YE ZW,no_code,Closed. Sugar contracts (velodrome-finance/sugar) let you read data directly.,,WebFetch (US): normal page,https://github.com/aerodrome-finance/docs/blob/main/content/legal.mdx,medium
velodrome,Velodrome,DEX,dex,"Optimism, Superchain",evm,https://velodrome.finance,,closed,"closed (only velodrome-finance/docs, sugar)",,?,unknown,,,,unknown,,,unknown,,unknown,,,,,,https://github.com/velodrome-finance/docs/blob/main/content/legal.mdx,2025-10-14,no,,"same 35-country list as Aerodrome (incl. CN, TR, UA, RU)",AF BY BA BI CF CN CD CU ET GN GW HT IR IQ KP LB LY ML MD ME MM NI NE RU RS SO SS SD SY TN TR UA VE YE ZW,no_code,"Closed, same stack as Aerodrome.",,WebFetch (US): normal page,https://github.com/velodrome-finance/docs/blob/main/content/legal.mdx,medium
ambient,Ambient Finance,DEX,dex,"EVM (Scroll, Blast, Ethereum...)",evm,https://ambient.finance,https://github.com/CrocSwap/ambient-ts-app,open,open,2026-10-07,D,yes,AF BY MM CF CU CD ET IR IQ LB LY ML NI KP RU SO SS SD VE YE ZW,,Netlify redirect by Country -> /blocked.html (edge),no,,,no,,yes,hardcoded OFAC list (~244 addresses) -> disconnect + redirect to ofac.treasury.gov,frontend,n/a,,,https://ambient.finance/terms,2023-05-24,no,,none named,,yes,"Geo lives in netlify.toml, screening in a static list. A fork drops both.",,WebFetch (US): app crashed with 'Something went wrong' (JS),netlify.toml | src/ambient-utils/constants/blacklist.ts | src/App/hooks/useBlacklist.ts,high
velora,Velora (ex-ParaSwap),DEX aggregator,aggregator,EVM,evm,https://app.velora.xyz,,closed,closed,,?,unknown,,,,unknown,,,unknown,,unknown,,,,,,https://velora.xyz/tos,2025-04-01,partial,incentive programs,"CU, IR, MM, KP, CN, SY, Crimea, DPR, LPR + sanctioned",CU IR MM KP CN SY UA-Crimea UA-DPR UA-LPR,no_code,Closed. Velora API is an option.,,WebFetch (US): normal page,https://velora.xyz/tos,medium
matcha,Matcha (0x),DEX aggregator,aggregator,"EVM, Solana",evm solana,https://matcha.xyz,,closed,closed,,B,reported,RU,,"'Region Unsupported' for trades (Russia, 2022 reports)",unknown,,,tos_only,,tos_only,,,,,,https://matcha.xyz/terms,2025-07-15,no,,generic: US-embargoed,,no_code,Closed. The 0x API is an option.,,WebFetch (US): normal page,https://www.theblock.co/post/137962/dex-aggregator-matcha-geoblocks-trades-from-russia,medium
jumper,Jumper (LI.FI),Bridge / aggregator,bridge,"EVM, Solana, BTC, Sui",bitcoin evm solana sui,https://jumper.xyz (jumper.exchange -> 302),https://github.com/jumperexchange/jumper-exchange,open,open (may lag prod),2026-07-23,D,no,,,,no,,,tos_only,,yes,LI.FI API (li.quest): /v1/quote for an SDN address -> HTTP 422,protocol-api,unknown,,,https://jumper.xyz/terms-of-business,client-side date (unreliable),no,,"BY, CI, Crimea, CU, DPR, IR, IQ, Kherson, LR, LY, LPR, MM, KP, RU, SD, SY, VE, Zaporizhzhia",BY CI UA-Crimea CU UA-DPR IR IQ UA-Kherson LR LY UA-LPR MM KP RU SD SY VE UA-Zaporizhzhia,partial,"Frontend is clean, but routes come from the LI.FI API, which screens addresses (and LI.FI's ToS excludes US persons).",,"LI.FI /v1/quote: SDN fromAddress -> 422, control -> quote OK",src/components/TermsOfBusiness/lists.tsx | https://li.fi/legal/terms-and-conditions/,medium
raydium,Raydium,DEX,dex,Solana,solana,https://raydium.io,https://github.com/raydium-io/raydium-ui-v3-public,open_stale,open-snapshot (6 commits),2025-06-11,B,unknown,,,none in the snapshot,yes,US,Perps (Orderly white-label): US + 15 sanctioned,unknown,,no,,,,,,https://raydium.io/docs/disclaimer/,unknown,yes,,"BY, CF, CD, KP, Crimea, DPR, LPR, CU, IR, LY, SO, SD, SS, SY, US, YE, ZW",BY CF CD KP UA-Crimea UA-DPR UA-LPR CU IR LY SO SD SS SY US YE ZW,stale,Snapshot code is clean (disclaimer modal only). Needs a live crawl of production.,,WebFetch (US): normal page,src/components/AppLayout/components/DisclaimerModal.tsx | src/pages/docs/disclaimer.tsx | https://docs.raydium.io/products/perps,medium
jupiter,Jupiter,DEX aggregator,aggregator,Solana,solana,https://jup.ag,,closed,closed (jup-ag/plugin = widget),,A?,unknown,,,,unknown,,,tos_only,,tos_only,,,,,,https://hub.jup.ag/docs/terms-of-use,unknown,yes,,"US, CN, SG, MM, CI, CU, Crimea, CD, IR, IQ, LY, ML, NI, KP, SO, SD, SY, YE, ZW",US CN SG MM CI CU UA-Crimea CD IR IQ LY ML NI KP SO SD SY YE ZW,no_code,Closed. Jupiter Plugin/API is an option.,,WebFetch (US): normal page,https://hub.jup.ag/docs/terms-of-use,medium
orca,Orca,DEX,dex,Solana,solana,https://www.orca.so,,closed,closed,,D,yes,AF BY BA MM BI CF CG CU GN GW HT IR IQ LB LY ML NI KP SO SS SD SY VE YE ZW UA-Crimea UA-DPR UA-LPR,,"UI blocked per the docs list (US was blocked in 2023, not on the list now)",yes,,newly blocked regions: close-only,unknown,,yes,"third-party (unnamed), at wallet connect",own-api,unknown,,,https://www.orca.so/terms-of-use,unknown,unknown,,see geo_site,AF BY BA MM BI CF CG CU GN GW HT IR IQ LB LY ML NI KP SO SS SD SY VE YE ZW UA-Crimea UA-DPR UA-LPR,no_code,Closed. Whirlpools SDK is open.,,WebFetch (US): normal page,https://docs.orca.so/support/blocked-regions | https://docs.orca.so/trade/availability-and-restrictions,medium
meteora,Meteora,DEX,dex,Solana,solana,https://app.meteora.ag,,closed,closed,,A?,tos_only,,,,unknown,,,tos_only,,tos_only,,,,,,https://docs.meteora.ag/resources/legal/terms-of-service,unknown,yes,,"VG, US, CN, MM, CI, CU, Crimea, CD, IR, IQ, LY, ML, NI, KP, SO, SD, SY, YE, ZW, RU",VG US CN MM CI CU UA-Crimea CD IR IQ LY ML NI KP SO SD SY YE ZW RU,no_code,Closed.,,WebFetch (US): normal page,https://docs.meteora.ag/resources/legal/terms-of-service,high
dydx,dYdX,Perps,perps,dYdX Chain,cosmos,https://dydx.trade,https://github.com/dydxprotocol/v4-web,open,open,2026-07-31,D,yes,US CA AF BY CF CU CD ER IR IQ CI LB LR LY ML MM NI KP SO SS SD SY VE ZW,,"indexer: geo-origin-status header + HTTP 403 GEOBLOCKED (US, CA + OFAC list); the frontend sets isPerpetualsGeoBlocked",yes,,CLOSE_ONLY / FIRST_STRIKE_CLOSE_ONLY statuses; UK: perpetuals (ToS),tos_only,,yes,Elliptic (indexer comlink /v4/compliance/screen),protocol-api,unknown,,,https://dydx.exchange/v4-terms,2026-03-12,yes,,"US, CA, UK(perps), IR, CU, KP, SY, MM, Crimea, DPR, LPR",US CA GB IR CU KP SY MM UA-Crimea UA-DPR UA-LPR,partial,"Enforcement is in the public indexer. A fork must run its own indexer (open source v4-chain/indexer, compliance can be disabled). Otherwise it inherits the 403s.",,"indexer /v4/compliance/screen: SDN -> {status: BLOCKED, reason: COMPLIANCE_PROVIDER}; control -> COMPLIANT",src/bonsai/calculators/compliance.ts | src/bonsai/rest/compliance.ts | https://github.com/dydxprotocol/v4-chain/blob/main/indexer/services/comlink/src/lib/compliance-and-geo-check.ts | https://docs.dydx.xyz/interaction/integration/integration-compliance,high
gmx,GMX,Perps,perps,"Arbitrum, Avalanche, Botanix",evm,https://app.gmx.io,https://github.com/gmx-io/gmx-interface,open,open,2026-10-06,A,no,,,,no,,,tos_only,,no,,,,,,https://gmx.io/terms-and-conditions,2026-08-20,no,,generic US/UK/EU embargo,,yes,Clean. Only the ToS.,,WebFetch (US): normal page,landing/src/pages/TermsAndConditions/TermsAndConditions.tsx,high
hyperliquid,Hyperliquid,Perps,perps,Hyperliquid L1,hyperliquid,https://app.hyperliquid.xyz,,closed,closed,,D,yes,US CA-ON,,"IP check (US, Ontario, sanctioned jurisdictions — the latter not enumerated); info API has legalCheck {user} -> restrictions/ipAllowed",unknown,,,tos_only,,unknown,legalCheck takes the user address,protocol-api,,,,https://app.hyperliquid.xyz/terms,2026-06-15 (secondary),yes,,"US, Ontario + sanctioned",US CA-ON,no_code,"Builder-code frontends (Sushi and others) call legalCheck themselves. The API does not block a fork from trading, but the check exists.",,"WebFetch (US): metadata only, no JS",sushi-labs/sushiswap apps/web/src/lib/perps/info/use-legal-check.ts | https://www.datawallet.com/crypto/is-hyperliquid-available-in-the-usa,low
drift,Drift (-> Velocity),Perps,perps,Solana,solana,https://app.drift.trade (-> app.velocity.exchange),,closed,closed (velocity-exchange/velocity-common = shared lib),,D,yes,AG DZ BD BO BY BI MM CI CU CD EC IR IQ LR LY ML MA NP KP SO SD SY US VE YE ZW,,client-side: geolocation.drift-labs.workers.dev -> GEOBLOCK_LIST,unknown,,,unknown,,unknown,,,,,,https://docs.velocity.exchange/protocol/legal-and-regulations/terms-of-use,unknown,unknown,,unknown (text loaded from S3),,no_code,Geo-check is client-side and fail-open. Rebranded to Velocity after the 2026-04 exploit.,,WebFetch (US): normal page,"velocity-exchange/velocity-common: common-ts/src/utils/geoblock/index.ts, common-ts/src/constants/geoblockList.ts, react/src/hooks/useGeoBlocking.tsx",medium
gtrade,gTrade (Gains),Perps,perps,"Arbitrum, Base, Polygon, ApeChain",evm,https://gains.trade,,closed,closed,,A?,tos_only,,,ToS 2.6: denial by IP/ISP/VPN,unknown,,,tos_only,,tos_only,,,,,,https://gains.trade/terms-of-service,2023-11-01,yes,,US + territories,US,no_code,Closed.,,WebFetch (US): normal page,https://gains.trade/terms-of-service,high
lighter,Lighter,Perps,perps,Lighter (zk L2),evm,https://app.lighter.xyz,,closed,closed,,A?,tos_only,,,ToS: IP logging for enforcement,unknown,,,unknown,,tos_only,,,,,,https://lighter.xyz/terms,2025-12-29,yes,,"US, CA, UK, CN, KP, RU, UA, CU, IR, VE, SY (+SD, BY, MM)",US CA GB CN KP RU UA CU IR VE SY SD BY MM,no_code,Closed. SDKs are open.,,WebFetch (US): normal page,https://lighter.xyz/terms,high
aave,Aave,Lending,lending,EVM,evm,https://app.aave.com,https://github.com/aave/interface,open,open,2026-10-06,C,tos_only,,,ToS: region-based blocking; none in code (presumably edge),no,,,tos_only,,yes,"/api/preflight-compliance -> private COMPLIANCE_API_URL/check/{addr}?surface=v3 (TRM Labs historically, 2022)",own-api,closed,status=error -> overlay; skipped in read-only mode,,https://aave.com/terms-of-service,2026-09-07,no,,"18: BY, CI, Crimea, CU, DPR, IR, IQ, Kherson, LR, LY, LPR, MM, KP, RU, SD, SY, VE, Zaporizhzhia",BY CI UA-Crimea CU UA-DPR IR IQ UA-Kherson LR LY UA-LPR MM KP RU SD SY VE UA-Zaporizhzhia,yes,IMPORTANT: a naive fork/IPFS build without the API route will lock out EVERY user (fail-closed). Remove the `AddressBlocked` wrapper in pages/_app.page.tsx.,,WebFetch (US): normal page,pages/api/preflight-compliance.ts | src/components/AddressBlocked.tsx | src/hooks/compliance/service-compliance.ts | https://governance.aave.com/t/address-blocking-and-trm-labs/9301,high
compound,Compound III,Lending,lending,EVM,evm,https://app.compound.finance,https://github.com/compound-finance/webb3-frontend,open,open,2026-05-21,C,tos_only,,,ToS: IP-based geo-blocking,no,,,tos_only,,yes,"hardcoded list of 38 addresses, incl. the Tornado Cash router 0x8589…DA16 (TC delisted from SDN in 2025, still blocked here)",frontend,n/a,,,https://www.compound.xyz/terms-of-service,2026-08-11,no,,generic OFAC/UN/UK/EU + Foundation discretion,,yes,Static list in src/helpers/sanctions.ts. Trivial to remove. Legacy v2 UI: compound-finance/palisade.,,WebFetch (US): normal page,src/helpers/sanctions.ts | src/contexts/Web3Context.tsx,high
morpho,Morpho,Lending,lending,EVM,evm,https://app.morpho.org,,closed,closed (morpho-lite-apps archived 2026-05-06),,C,unknown,,,page carries meta x-geo-country (edge geolocation),yes,,some markets/vaults hidden or not openable by direct link 'due to legal constraints',tos_only,,yes,unnamed (docs: blocks US-sanctioned addresses),own-api,unknown,,hidden markets,https://morpho.org/terms-of-use,2026-09-11,no,,generic comprehensive sanctions,,no_code,Already covered by morpho.cp0x.com. Lite/Fallback apps are archived but forkable.,morpho.cp0x.com https://morpho.cp0x.com,"WebFetch (US): normal page, meta x-geo-country=US",https://docs.morpho.org/interface/warnings/ | https://github.com/morpho-org/morpho-lite-apps,medium
spark,Spark,Lending / savings,lending,EVM,evm,https://app.spark.fi (-> app.spark.finance),,private_now,"private-now (marsfoundation/spark-app, sparkdotfi/spark-app -> 404)",,C,reported,US,,2023: 'Accessing this website via VPN is not allowed'; US block per 2023 reports,unknown,,,block,2023 reports; current status not confirmed,reported,TRM Labs (2023 reports),own-api,unknown,,,https://spark.finance/terms-of-use,2026-04-02,no,,"generic; ToS 2.6: by IP, ISP, VPN, device, address",,no_code,Find the last public spark-app commit (mirrors/forks on GitHub).,,WebFetch (US): normal page,https://cointelegraph.com/news/makerdao-spark-protocol-block-vpn-users-controversy,medium
sky,Sky (ex-Maker),Savings / lending,lending,"Ethereum, L2",evm,https://app.sky.money,https://github.com/jetstreamgg/tarmac/tree/development/apps/webapp,open,"open (Jetstream, not the sky-ecosystem org)",2026-10-07,D,yes,AF BY MM BI CF CN CU CD ET GN GW HT HK IR IQ LB LY ML NI NE KP RU SO SS SD SY GB VE YE ZW UA-Crimea UA-DPR UA-Kherson UA-LPR UA-Zaporizhzhia,,auth service /ip/status -> is_restricted_region -> full-page block 'Access blocked'; the country list is taken from the ToS (not published in code),yes,,api.sky.money/geo-config: per-country modules (savings/rewards/expert); unknown region disables them,detect,not blocked; VPN/US users must sign the terms on every tx,yes,"auth service /address/status + /address/status/enhanced before a tx (paid provider, unnamed)",own-api,closed,,,https://docs.sky.money/legal/skybase-international/terms-of-use,2026-09-01,no,,"35: AF, BY, MM, BI, CF, CN, CU, CD, ET, GN, GW, HT, HK, IR, IQ, LB, LY, ML, NI, NE, KP, RU, SO, SS, SD, SY, GB, VE, YE, ZW, Crimea, DPR, Kherson, LPR, Zaporizhzhia",AF BY MM BI CF CN CU CD ET GN GW HT HK IR IQ LB LY ML NI NE KP RU SO SS SD SY GB VE YE ZW UA-Crimea UA-DPR UA-Kherson UA-LPR UA-Zaporizhzhia,yes,Everything goes through VITE_AUTH_URL. The repo has a skip-auth build (used for e2e). That is ready to use for a fork.,,"api.sky.money/geo-config (US): isRegionRestricted=false, all modules enabled",apps/webapp/src/lib/authCheck.ts | apps/webapp/src/modules/ui/context/ConnectedContext.tsx | apps/webapp/src/modules/ui/hooks/useTermsSignatureGate.tsx | apps/webapp/src/hooks/authentication/useRestrictedAddressCheck.md,high
venus,Venus,Lending,lending,"BNB, EVM",evm,https://app.venus.io (-> venus.io),https://github.com/VenusProtocol/venus-protocol-interface/tree/main/apps/evm,open,open,2026-09-30,B,no,,,,yes,,per-asset restrictedCountries from the Venus API; country from free.freeipapi.com; gated assets (bStocks) need acknowledgement,no,,no,,,,,restricted/gated assets,https://app.venus.io/#/terms-of-use,2025-09-18,partial,Fixed-Term Vault,"main ToS: generic; FTV: US, UK, CA, CN, CU, IR, KP, SY, RU, BY, occupied UA regions",US GB CA CN CU IR KP SY RU BY UA-Crimea UA-DPR UA-LPR UA-Kherson UA-Zaporizhzhia,yes,"Country from a free IP API, list from their API. Remove in a fork.",,"WebFetch (US): 302 -> venus.io, JS shell",apps/evm/src/clients/api/queries/useGetIpLocation/getIpLocation/index.ts | apps/evm/src/clients/api/queries/useGetPools/applyCountryCodeToPools/index.ts,high
euler,Euler,Lending,lending,EVM,evm,https://app.euler.finance,https://github.com/euler-xyz/euler-lite,open,"open (prod built from it, app_id matches)",2026-10-06,D,yes,AF BY CF CU KP CD ET IR IQ LB LY ML MM NI RU SO SS SD SY VE YE ZW,,Nuxt server middleware: HTTP 451 on /api/* by edge country header; fail-closed if country unknown,yes,,per-vault/asset hard/soft blocks by country (incl. EU/EEA groups); withdraw/repay stay allowed,detect,"logged only, not blocked",yes,TRM Labs via Euler data-v3 /v3/compliance/address-screening,own-api,closed,,,https://www.euler.finance/terms,2026-05-04,no,,"IR, BY, CU, KP, SY, Crimea, DPR, LPR, RU",IR BY CU KP SY UA-Crimea UA-DPR UA-LPR RU,yes,"Open repo with docs (docs/geo-blocking.md, docs/address-screening.md). Everything is behind env config. A fork turns off geo-gate and screening.",,WebFetch (US): normal page,server/middleware/geo-gate.ts | server/utils/screening.ts | docs/geo-blocking.md | docs/address-screening.md,high
fluid,Fluid,Lending / DEX,lending,"EVM, Solana",evm solana,https://fluid.io,,closed,closed,,?,unknown,,,,unknown,,,unknown,,unknown,,,,,,https://instadapp.io/terms,unknown,unknown,,unknown (client-side),,no_code,Closed. Needs a browser crawl.,,WebFetch (US): normal page,,low
kamino,Kamino,Lending,lending,Solana,solana,https://kamino.com (app.kamino.finance -> 302),,closed,closed,,?,unknown,,,,unknown,,,unknown,,unknown,,,,,"manual address blacklist (2025-12, Jupiter Lend case, not sanctions)",,unknown,unknown,,ToS not found,,no_code,Closed; klend SDK is open.,,WebFetch (US): JS shell,,low
marginfi,marginfi (-> Project 0),Lending,lending,Solana,solana,https://app.marginfi.com (retired -> app.0.xyz),https://github.com/mrgnlabs/mrgn-ts/tree/main/apps/marginfi-v2-ui,open_stale,open-deprecated (Project 0 closed),2026-06-03,D,yes,VE CU IR KP SY,,Next middleware req.geo -> redirect marginfi.com,yes,US,US: /looper -> /not-allowed; Arena: US + 5 -> 'Arena Restricted',tos_only,,tos_only,,,,,,https://www.0.xyz/terms-of-use,2026-05-13,no,,generic + restriction by wallet/IP/risk,,stale,marginfi UI is archived. Project 0 is closed.,,WebFetch (US): retirement notice -> app.0.xyz,apps/marginfi-v2-ui/src/middleware.ts | apps/marginfi-v2-trading/src/middleware.ts,medium
liquity,Liquity V2 (liquity.app),CDP / stablecoin,lending,Ethereum,evm,https://liquity.app,https://github.com/liquity/bold/tree/main/frontend/app,open,open (reference frontend),2026-09-26,B,optional,,,"NEXT_PUBLIC_BLOCKING_VPNAPI: vpnapi.io country/VPN block, off by default",no,,,optional,,optional,on-chain blocklist contract isBlackListed (NEXT_PUBLIC_BLOCKING_LIST),frontend,,,,,unknown,unknown,,Liquity AG runs no frontend; frontends are third-party,,yes,Built for third-party frontends. Clean by default.,,WebFetch (US): normal page,frontend/app/src/comps/Blocking/Blocking.tsx | frontend/app/src/env.ts,medium
notional,Notional,Lending / leverage,lending,EVM,evm,https://notional.finance,https://github.com/notional-finance/notional-monorepo,open,open,2026-06-19,D,yes,CU IR IQ SY KP RU BY CF CD CG LB LR LY SO VE YE ZW US,,api.notional.finance/geoip (Cloudflare cf.country) -> /blocked,no,,,no,,yes,Chainalysis Sanctions Oracle 0x40C57923924B5c5c5455c48D93317139ADDaC8fb (on-chain),frontend,unknown,,,https://notional.finance/terms,2020-12-05,yes,,"NY, CU, IR, SY, KP, Crimea, VE (code blocks all of the US)",US-NY CU IR SY KP UA-Crimea VE,yes,"Geo is a request to their worker, screening is an eth_call. Both removed in a fork.",,WebFetch (US): metadata only (block is client-side),packages/shared/notionable-hooks/src/use-geoip-block.ts | packages/notionable/src/account/communities.ts,high
lido,Lido,Liquid staking,staking,Ethereum,evm,https://stake.lido.fi,https://github.com/lidofinance/ethereum-staking-widget,open,open (IPFS build available),2026-10-08,C,no,,,,yes,US,/api/geo (cf-ipcountry): full|limited; remote config geo.limited=[US] -> Earn vaults; Tor/unknown -> limited,detect,Tor exits get the 'limited' mode,yes,/api/validation -> external validationAPI /v2/check/{addr} (unnamed) + local list,own-api,unknown,,,https://lido.fi/terms-of-use,2026-09-23,partial,Earn vaults,"Crimea, CU, DPR, IR, LPR, KP, SY + sanctioned; US/UK: Earn only",UA-Crimea CU UA-DPR IR UA-LPR KP SY GB,yes,The IPFS build lets you control the API base paths. Stake/Withdraw are not geo-gated.,,WebFetch (US): normal page,utilsApi/geo-handler.ts | REMOTE_CONFIG_MANIFEST.json | pages/api/validation.ts | features/earn/shared/hooks/use-earn-geo-gate.ts,high
rocketpool,Rocket Pool,Liquid staking,staking,Ethereum,evm,https://stake.rocketpool.net,,none_found,none-found,,?,unknown,,,,unknown,,,unknown,,unknown,,,,,,,unknown,unknown,,ToS not found,,no_code,Needs a browser crawl.,,WebFetch (US): JS shell,,low
eigenlayer,EigenLayer (EigenCloud),Restaking,staking,Ethereum,evm,https://app.eigenlayer.xyz,,closed,closed,,B,reported,US CA CN CU KP IR VE,,2024: EIGEN claims site only (IP + VPN detection),unknown,,,block,"2024, EIGEN claims site",tos_only,,,,,,https://docs.eigencloud.xyz/eigencloud/legal/terms-of-service,2025-12-15,no,,generic US-embargoed,,no_code,Closed.,,WebFetch (US): HTTP 500,https://decrypt.co/228642/eigen-token-airdrop-plan-ethereum-restaking-protocol-eigenlayer,medium
etherfi,ether.fi,Restaking / vaults,staking,EVM,evm,https://www.ether.fi/app (app.ether.fi -> 302),,closed,closed,,A?,tos_only,,,,tos_only,US GB US-NY,Liquid vaults: not US/UK; Liquid Reserve: not NY,tos_only,,tos_only,ToS: 'wallet screening' for Trade,,,,,https://www.ether.fi/legal/terms-of-use,2026-09-09,partial,,"CA (all services!), BY, BI, Crimea, CU, CD, IR, IQ, LY, KP, SO, SD, SY, VE, ZW",CA BY BI UA-Crimea CU CD IR IQ LY KP SO SD SY VE ZW,no_code,Closed.,,WebFetch (US): normal page,https://www.ether.fi/legal/terms-of-use,medium
pendle,Pendle,Yield,yield,EVM,evm,https://app.pendle.finance,,closed,closed,,A?,tos_only,,,ToS mentions geo-blocks,tos_only,US,Boros: not US,tos_only,,tos_only,"ToS: wallet-screening DB, wallet blacklisting",,,,,https://docs.pendle.finance/pendle-v2/TermsOfUse,2026-10-01,partial,Boros,"CU, IR, KP, SY, RU, BY, MM, SD, ZW, VE, Crimea, DPR, LPR, FATF high-risk",CU IR KP SY RU BY MM SD ZW VE UA-Crimea UA-DPR UA-LPR,no_code,Closed. Pendle API/SDK are open.,,WebFetch (US): 'Failed to load app' (JS),https://docs.pendle.finance/pendle-v2/TermsOfUse,high
ethena,Ethena,Synthetic dollar,yield,EVM,evm,https://app.ethena.fi,,closed,closed,,D,yes,US,,"302 -> ethena.fi/restricted ('not available in your country' / high-risk wallet); confirmed live from the US, the ToS list (33 jurisdictions) is not live-verified",yes,AT BE BG HR CY CZ DK EE FI FR DE GR HU IE IT LV LT LU MT NL PL PT RO SK SI ES SE IS LI NO,mint/redeem: KYC whitelist only; sUSDe not for EU/EEA,tos_only,,yes,unnamed (restricted page + Mint blocked addresses),own-api,unknown,,,https://docs.ethena.fi/resources/terms-of-service,2025-08,yes,,"33: incl. US, RU, BY, IR, KP, CU, SY, VE, MM, DPR/LPR, Crimea, Abkhazia, S.Ossetia, N.Cyprus + EU/EEA (sUSDe)",US RU BY IR KP CU SY VE MM UA-DPR UA-LPR UA-Crimea GE-Abkhazia GE-SouthOssetia CY-North,no_code,Closed. Staking USDe->sUSDe is a plain ERC-4626 that works directly via the contract.,,WebFetch (US): 302 -> /restricted (geo-block confirmed),https://ethena.fi/restricted | https://docs.ethena.fi/resources/terms-of-service,high
yearn,Yearn,Yield vaults,yield,EVM,evm,https://yearn.fi,https://github.com/yearn/yearn.fi,open,open,2026-10-07,A,no,,,,no,,,no,,no,,,,,,,unknown,unknown,,no ToS,,yes,Clean.,,WebFetch (US): normal page,,medium
beefy,Beefy,Yield vaults,yield,EVM,evm,https://app.beefy.com,https://github.com/beefyfinance/beefy-v2,open,open,2026-10-07,B,no,,,,yes,US CA GB AU SG,"vaults with tokenized equities (Base): US, CA, GB, AU, SG; country from api.beefy.finance/geo/country; fail-closed",no,,no,,,,,src/config/restrictions.json,,unknown,unknown,,no ToS,,yes,Restriction is just a JSON config plus their API. There is a geoCountryOverride flag.,,api.beefy.finance/geo/country (US) -> {country: US},src/config/restrictions.json | src/features/data/selectors/restrictions.ts | src/features/data/actions/restrictions.ts,high
convex,Convex,Yield,yield,Ethereum,evm,https://curve.convexfinance.com,,closed,closed,,?,unknown,,,,unknown,,,unknown,,unknown,,,,,,,unknown,unknown,,no ToS,,no_code,"Closed, no ToS.",,WebFetch (US): normal page,,low
jito,Jito,Liquid staking,staking,Solana,solana,https://www.jito.network,,closed,closed,,?,unknown,,,,unknown,,,unknown,,unknown,,,,,,https://www.jito.network/docs/jitosol/resources/terms-of-use/,2025-04-10,no,,generic UN/OFAC/EU/UK,,no_code,Closed.,,WebFetch (US): normal page,https://www.jito.network/docs/jitosol/resources/terms-of-use/,high
across,Across,Bridge,bridge,"EVM, Solana",evm solana,https://across.to (app.across.to -> 302),,private_now,private-now (across-protocol/frontend public until ~2025-08; frontend-v1 = legacy 2023),,A?,tos_only,,,"ToS: by IP, at Risk Labs' discretion",no,,,tos_only,,unknown,quote API returns a quote for an SDN recipient,,,,,https://across.to/terms-of-service,2025-10-22,no,,generic comprehensive US sanctions,,no_code,"Across API is open (suggested-fees, available-routes). Our own UI on top of it is realistic.",,/api/suggested-fees with SDN recipient -> normal quote,https://across.to/terms-of-service | http://web.archive.org/web/20250829200542/https://github.com/across-protocol/frontend,medium
stargate,Stargate,Bridge,bridge,EVM (LayerZero),evm,https://stargate.finance,,closed,closed,,A?,tos_only,,,,unknown,,,tos_only,,unknown,,,,,,https://stargate.finance/terms,2025-09-17,no,,generic UN/EU/UK/Cayman/US,,no_code,Closed.,,WebFetch (US): normal page,https://stargate.finance/terms,medium
synapse,Synapse,Bridge,bridge,EVM,evm,https://bridge.synapseprotocol.com,https://github.com/synapsecns/sanguine/tree/master/packages/synapse-interface,open,open,2026-09-28,C,no,,,,no,,,tos_only,,yes,bundled blacklist + screener.omnirpc.io/fe/address/{addr} (Chainalysis Entity API behind it); connected + destination address,own-api,closed,error = flagged,,https://explorer.synapseprotocol.com/terms,2023-02,no,,generic comprehensive US sanctions,,yes,"IMPORTANT: fail-closed. If the screener is down, everyone is flagged. A fork removes screenAddress().",,screener: SDN -> {risk: true}; control -> {risk: false},packages/synapse-interface/utils/screenAddress.ts | packages/synapse-interface/contexts/UserProvider.tsx | packages/synapse-interface/store/middleware/destinationAddressMiddleware.ts,high
hop,Hop,Bridge,bridge,EVM,evm,https://app.hop.exchange,https://github.com/hop-protocol/hop/tree/master/packages/frontend,open,open (low activity),2025-10-29,D,yes,BY BI CF CI CU CD ET IR IQ KP LB LR LY MM NI SO SS SD SY VE YE ZW,,netlify.toml: HTTP 451 by Country,no,,,no,,optional,"OFAC list (ultrasoundmoney), REACT_APP_BLOCKLIST_ENABLED",frontend,,,,,unknown,no,,docs FAQ: same 22 countries,BY BI CF CI CU CD ET IR IQ KP LB LR LY MM NI SO SS SD SY VE YE ZW,yes,WARNING: hop.exchange apex serves gambling spam (domain lapsed/hijacked). app.hop.exchange -> HTTP 400. Good candidate for a permissionless replacement.,,WebFetch: app.hop.exchange -> 400; hop.exchange -> spam,packages/frontend/netlify.toml | packages/frontend/src/config/blocklist.ts,medium
portalbridge,Portal Bridge (Wormhole),Bridge,bridge,Multi,other,https://portalbridge.com,,archived,"archived (XLabs/portal-bridge-ui, 2025-08); current build closed",2025-04-16,C,unknown,,,,unknown,,,unknown,,yes,"archived UI: TRM Labs via proxy (risk score >= 10 -> block, fail-open). wormhole-connect widget: hardcoded OFAC SDN list",own-api,open,,,https://portalbridge.com/terms-of-service,unknown,unknown,,unknown (client-side),,no_code,Base: wormhole-foundation/wormhole-connect (widget) + the archived portal-bridge-ui.,,WebFetch (US): metadata only,"XLabs/portal-bridge-ui: apps/connect/src/providers/sanctions.ts | wormhole-foundation/wormhole-connect: src/utils/transferValidation.ts, src/consts/wallet.ts",low
relay,Relay,Bridge / intents,bridge,"EVM, Solana, BTC...",bitcoin evm solana,https://relay.link,,closed,closed (relayprotocol/relay-kit = SDK/UI kit),,D,no,,,,no,,,unknown,,yes,Chainalysis + HackBounty + Hermod + internal blocklist; public endpoint api.relay.link/sanctioned/{addr},protocol-api,unknown,,,,unknown,unknown,,ToS returns 403 to bots,,no_code,Screening runs at quote and fill level in the protocol API. A fork does not bypass it.,,api.relay.link/sanctioned: SDN -> {sanctioned: true}; control -> false,https://docs.relay.link/security/compliance | relayprotocol/relay-kit: packages/sdk/src/types/api.ts,high
polymarket,Polymarket,Prediction market,prediction,Polygon,evm,https://polymarket.com,,closed,closed,,D,yes,IR SY CU KP UA-Crimea UA-DPR UA-LPR,US GB FR DE IT PL BE AU SG TW TH RU BY CA-ON CA-BC CA-AB CA-QC,polymarket.com/api/geoblock; overlay 'Trading is blocked' + view-only; close-only list is partial ('and others' per help center),yes,IE JP NL KR,"close-only tiers; frontend-only tier (IE, JP, NL, KR)",block,reported 2026-06,unknown,,,,,,https://polymarket.com/tos,2026-08-11,yes,,~40 countries + regions (see help center),,no_code,The CLOB API is also geo-blocked for the main tiers. An alternative frontend requires an API proxy outside the blocked jurisdictions.,,"/api/geoblock (US) -> {blocked: true, country: US, region: OH}; overlay 'Trading is blocked in the United States'",https://docs.polymarket.com/developers/CLOB/geoblock | https://help.polymarket.com/en/articles/13364163-geographic-restrictions,high
safe,Safe{Wallet},Wallet / multisig,wallet,EVM,evm,https://app.safe.global,https://github.com/safe-global/safe-wallet-monorepo/tree/main/apps/web,open,open,2026-10-07,C,no,,,,yes,,HEAD /swap -> 403 for OFAC countries -> swap/stake/earn/Safe token hidden; the core wallet works,no,,yes,Chainalysis Sanctions Oracle (on-chain) -> feature-level 'Blocked address',frontend,unknown,,,https://safe.global/terms,2025-10,no,,generic EU/US sanctions,,yes,"Only native integrations are restricted (swap via CoW, stake via Kiln and so on). The core wallet is permissionless.",,WebFetch (US): normal page,apps/web/src/components/common/GeoblockingProvider/index.tsx | apps/web/src/hooks/useSanctionedAddress.ts | apps/web/src/config/constants.ts,high
ens,ENS,Naming,other,Ethereum,evm,https://app.ens.domains,https://github.com/ensdomains/ens-app-v3,open,open,2026-10-06,A,no,,,,no,,,no,,tos_only,ToS 3.1(b) implies address blocking,,,,,https://ens.domains/legal/terms-of-use,2026-08-12,no,,sanctioned + FATF non-cooperative,,yes,Clean.,,WebFetch (US): normal page,,medium
snapshot,Snapshot,Governance,other,"EVM, Starknet",evm starknet,https://snapshot.box,https://github.com/snapshot-labs/sx-monorepo/tree/master/apps/ui,open,open,2026-10-07,A,tos_only,,,ToS reserves geo-restriction,no,,,no,,no,,,,,,https://snapshot.box/#/terms-of-use,2025-03-04,no,,"SECO list incl. RU, UA, BY + 19",BY BI CF CG KP GN GW IR IQ LB LY ML MM SS RU SO SD SY UA VE YE ZW,yes,Clean. Legacy snapshot.org client: snapshot-labs/snapshot.,,WebFetch (US): JS shell,apps/ui/src/views/Terms.vue,medium
